block_idx,time_s,best_prn,best_doppler,best_tau_chips,peak_snr,peak_raw,in_phase_lag,correlation_width,label,label_name
0,0.0,2,3000,130.88,8.05434802803252,789.6833836025164,0.0,5.84,0,authentic
1,0.001,20,-1500,691.4,8.508172219033153,794.7454613062346,-462.48,5.04,0,authentic
2,0.002,23,-5000,690.88,8.659152259932085,807.6773519709243,-0.5199999999999818,4.84,0,authentic
3,0.003,18,-6500,470.04,9.150087715943865,864.0301051655464,-220.83999999999997,2.28,0,authentic
4,0.004,5,-7000,246.28,7.6705108489436755,744.9719115463803,-223.76000000000002,10.68,0,authentic
5,0.005,19,6000,293.92,8.598875634644923,839.5678495046751,47.640000000000015,3.24,0,authentic
6,0.006,10,-1500,876.52,8.28542532383539,816.7975351206101,-440.4000000000001,7.6,0,authentic
7,0.007,6,-9000,318.72,7.835087567915462,794.3167833162477,465.20000000000005,9.32,0,authentic
8,0.008,23,-3000,605.2,7.85378161929452,781.3870435223112,286.48,7.08,0,authentic
9,0.009000000000000001,14,-9500,1007.52,8.441048565985502,837.0508578758825,402.31999999999994,7.84,0,authentic
10,0.01,7,3500,921.8,8.579519243483471,825.0229876341157,-85.72000000000003,3.64,0,authentic
11,0.011,23,3000,796.16,8.17523830078842,796.0228101252409,-125.63999999999999,6.16,0,authentic
12,0.012,5,10000,557.08,8.288434139762693,780.0498613714037,-239.07999999999993,5.24,0,authentic
13,0.013000000000000001,11,0,472.8,8.017396832970192,789.7723619151427,-84.28000000000003,6.56,0,authentic
14,0.014,18,9000,619.12,8.307441575203613,791.2487529721999,146.32,6.88,0,authentic
15,0.015,23,-500,137.84,8.363747460462086,860.0095402317252,-481.28,5.2,0,authentic
16,0.016,23,-10000,329.08,8.582112112090597,858.8007644088524,191.23999999999998,2.64,0,authentic
17,0.017,30,4500,625.88,7.573771702591382,779.6046672664442,296.8,12.48,0,authentic
18,0.018000000000000002,30,5500,660.76,7.921970049742975,796.8491141779189,34.879999999999995,8.04,0,authentic
19,0.019,10,9500,75.08,7.861693392627371,813.7651255984781,437.32000000000005,8.72,0,authentic
20,0.02,30,-4500,835.52,8.019153176072475,800.0776862191535,-262.56000000000006,7.16,0,authentic
21,0.021,22,-9000,830.88,7.882101449704993,836.1389928247095,-4.639999999999986,7.84,0,authentic
22,0.022,8,8000,336.04,8.157567049977605,841.1922378074876,-494.84,7.12,0,authentic
23,0.023,20,-9500,617.04,8.436136767609323,837.8180107542842,280.99999999999994,7.04,0,authentic
24,0.024,8,5500,688.52,8.34036635356145,854.6486638944626,71.48000000000002,4.88,0,authentic
25,0.025,23,-500,878.0,7.705768668306488,771.7520763463997,189.48000000000002,11.04,0,authentic
26,0.026000000000000002,14,1000,861.64,8.658120341447818,844.5017911231049,-16.360000000000014,4.12,0,authentic
27,0.027,22,-3500,913.72,8.274006221803198,796.6419383533367,52.08000000000004,9.2,0,authentic
28,0.028,12,4500,861.88,8.594221252954673,851.9258311635942,-51.84000000000003,3.6,0,authentic
29,0.029,32,3500,13.16,8.225210972411793,802.6978840052,174.27999999999997,4.52,0,authentic
30,0.03,22,-3500,433.04,8.252992377923828,832.485135577908,419.88,8.8,0,authentic
31,0.031,17,6500,218.52,7.744252816457626,797.6481347394264,-214.52,7.64,0,authentic
32,0.032,23,1500,101.88,8.831510726091118,900.2421467115272,-116.64000000000001,3.72,0,authentic
33,0.033,3,-5000,867.48,8.411819405229958,844.637996770697,-257.4,5.08,0,authentic
34,0.034,30,9000,953.72,8.30211590702899,863.8678181313675,86.24000000000001,6.64,0,authentic
35,0.035,19,-6500,917.52,7.936636164798636,815.8653450599606,-36.200000000000045,8.36,0,authentic
36,0.036000000000000004,29,10000,690.6,8.129655433333818,831.8454973111809,-226.91999999999996,6.24,0,authentic
37,0.037,29,7500,334.16,8.6005399448993,851.85643283139,-356.44,3.4,0,authentic
38,0.038,22,-1000,736.08,8.269306182175317,846.6585842613349,401.92,7.0,0,authentic
39,0.039,22,-3500,1006.4,8.260733522784632,855.0134879138608,270.31999999999994,5.24,0,authentic
40,0.04,17,9000,184.92,8.664032950598195,872.494902126197,201.51999999999998,4.72,0,authentic
41,0.041,1,5000,248.88,8.233124056039639,824.833751712894,63.96000000000001,8.04,0,authentic
42,0.042,9,10000,290.92,7.90124526980183,848.7761109408731,42.04000000000002,5.92,0,authentic
43,0.043000000000000003,15,1000,823.12,8.741018787382421,870.0452646492231,-490.79999999999995,4.44,0,authentic
44,0.044,10,-5000,305.76,8.343542902200776,830.0099460497032,505.64,7.04,0,authentic
45,0.045,30,-2000,526.96,8.355339775334018,836.0441151307749,221.20000000000005,5.88,0,authentic
46,0.046,10,6000,829.4,8.31726455332517,848.9987868431149,302.43999999999994,5.6,0,authentic
47,0.047,8,2000,465.6,8.39426917245478,887.1376990737659,-363.79999999999995,6.2,0,authentic
48,0.048,7,1000,276.76,8.513323014388575,896.2842867857232,-188.84000000000003,3.92,0,authentic
49,0.049,14,-3500,807.48,7.8437934000220135,821.9250690733152,-492.28,8.4,0,authentic
50,0.05,10,9500,176.56,8.184076985965454,826.8813693340963,392.0799999999999,6.76,0,authentic
51,0.051000000000000004,11,-8500,524.44,8.111963457505269,849.6819401482275,347.88000000000005,5.88,0,authentic
52,0.052000000000000005,7,-1500,192.4,7.9283280897251025,836.0714965774617,-332.0400000000001,9.48,0,authentic
53,0.053,6,1500,59.88,8.230034323952614,860.3132306622127,-132.52,6.36,0,authentic
54,0.054,28,-10000,1022.76,7.989938599434521,831.2502706760253,-60.120000000000005,8.2,0,authentic
55,0.055,27,1500,1002.44,8.349534821619681,854.0021055031111,-20.319999999999936,6.32,0,authentic
56,0.056,32,1500,256.32,8.72104331439502,867.4134818824887,276.8799999999999,3.48,0,authentic
57,0.057,20,6000,806.44,8.104147956490769,835.8592119430932,-472.8799999999999,7.8,0,authentic
58,0.058,18,-8500,361.4,8.219564807061369,862.1515095432461,-445.0400000000001,8.68,0,authentic
59,0.059000000000000004,19,3000,884.6,8.115663470912773,837.686636399416,-499.79999999999995,7.08,0,authentic
60,0.06,13,4000,95.28,8.352259707206171,859.7766862256858,233.67999999999995,4.68,0,authentic
61,0.061,18,-4500,420.56,7.950609744778822,812.8270824256205,325.28,7.24,0,authentic
62,0.062,6,500,651.72,8.691695384860076,873.3546673160122,231.16000000000003,5.36,0,authentic
63,0.063,29,2500,235.2,8.11796399859074,825.3469836736426,-416.52000000000004,7.24,0,authentic
64,0.064,21,1500,215.76,8.259885270847818,858.9582807336677,-19.439999999999998,5.92,0,authentic
65,0.065,5,-4500,139.04,8.251365339336328,834.5031741502054,-76.72,5.92,0,authentic
66,0.066,23,7500,148.28,8.276951373698944,878.3823221054259,9.240000000000009,7.04,0,authentic
67,0.067,20,-1500,516.88,8.108169737123744,818.7430050113105,368.6,5.6,0,authentic
68,0.068,21,-9000,385.76,7.807262407639285,793.1595107231487,-131.12,9.12,0,authentic
69,0.069,18,-3000,522.48,8.009722820850659,835.3064339095503,136.72000000000003,6.64,0,authentic
70,0.07,17,7000,30.56,8.441492920267736,878.4180282053632,-491.92,4.48,0,authentic
71,0.07100000000000001,2,-7000,5.64,8.14826235074562,831.5661905667199,-24.919999999999998,6.68,0,authentic
72,0.07200000000000001,6,9500,413.56,8.369201518484996,849.4404708659553,407.92,6.64,0,authentic
73,0.073,6,1000,207.12,7.666952990902731,803.1921254980256,-206.44,10.08,0,authentic
74,0.074,23,9500,146.24,8.467843880655021,866.4897983362355,-60.879999999999995,5.4,0,authentic
75,0.075,29,7500,13.04,8.252291734287187,859.8571215145668,-133.20000000000002,6.88,0,authentic
76,0.076,22,-5500,193.52,7.594601517967357,818.9209604374003,180.48000000000002,9.0,0,authentic
77,0.077,30,0,197.8,7.830778705223117,830.7409131800432,4.280000000000001,7.36,0,authentic
78,0.078,25,5000,226.32,7.881800017598758,839.500793608534,28.519999999999982,7.48,0,authentic
79,0.079,22,1500,395.64,7.952806142910782,830.1677539094895,169.32,8.6,0,authentic
80,0.08,22,10000,136.72,8.670343647945696,879.3825766446214,-258.91999999999996,4.48,0,authentic
81,0.081,28,-7500,671.08,8.544985851298078,931.7028849347624,-488.64,3.16,0,authentic
82,0.082,31,4000,432.04,7.87501405590787,820.4415860467221,-239.04000000000002,7.64,0,authentic
83,0.083,3,8000,539.2,8.449935536439583,861.0618855821116,107.16000000000003,4.4,0,authentic
84,0.084,18,-9500,804.36,8.390090021986431,885.8604918921222,265.15999999999997,4.92,0,authentic
85,0.085,11,-5500,568.96,8.244502311031946,836.9421673927213,-235.39999999999998,6.28,0,authentic
86,0.08600000000000001,14,-5000,22.52,8.183703864709482,840.1398803042748,476.55999999999995,7.16,0,authentic
87,0.08700000000000001,14,-5000,184.52,9.180693922373079,951.6825628797706,162.0,1.72,0,authentic
88,0.088,6,-4500,789.8,7.952848682595014,860.0620959734812,-417.72,7.24,0,authentic
89,0.089,22,8500,536.08,8.225488813528468,842.9232826017632,-253.7199999999999,5.96,0,authentic
90,0.09,8,-4000,209.52,8.104731240894038,843.2488320126216,-326.56000000000006,6.24,0,authentic
91,0.091,26,-6500,971.68,8.143242811925399,858.3536551193151,-260.84000000000003,9.0,0,authentic
92,0.092,25,7500,464.32,7.794172006648259,807.3994648756368,-507.35999999999996,8.28,0,authentic
93,0.093,19,-3000,872.12,7.897061562552046,816.1334914464594,407.8,9.32,0,authentic
94,0.094,21,-4500,958.6,7.758072628877246,803.891457461477,86.48000000000002,9.6,0,authentic
95,0.095,28,-1000,97.8,7.921164689231282,832.6610213573366,162.19999999999993,9.88,0,authentic
96,0.096,6,-5000,377.12,7.775195082857799,812.1109274259733,279.32,7.4,0,authentic
97,0.097,29,2000,83.84,8.209674034627085,851.1943831231197,-293.28,5.0,0,authentic
98,0.098,22,-7000,672.8,8.133865282222803,837.0838025464716,-434.0400000000001,7.72,0,authentic
99,0.099,26,-2000,973.32,8.301216753929594,838.1398871752349,300.5200000000001,6.76,0,authentic
100,0.1,8,-4500,1006.52,8.170429502148293,869.4454638998557,33.19999999999993,5.88,0,authentic
101,0.101,22,-1500,335.28,8.960492289470658,900.349273283725,351.76,3.92,0,authentic
102,0.10200000000000001,26,9000,425.64,7.5559232447370235,789.7411983680996,90.36000000000001,11.4,0,authentic
103,0.10300000000000001,1,-500,108.28,8.660861270158403,895.2862899486547,-317.36,4.16,0,authentic
104,0.10400000000000001,26,-2000,524.04,8.298702098308576,822.0016019605448,415.76,5.12,0,authentic
105,0.105,4,5500,733.36,7.965796533858798,843.4279357524024,209.32000000000005,6.56,0,authentic
106,0.106,30,-1500,896.72,8.36166171422738,854.1101006995376,163.36,4.68,0,authentic
107,0.107,22,-4500,1020.32,7.938082575140772,828.4367500205013,123.60000000000002,8.12,0,authentic
108,0.108,30,-7500,21.64,7.8316900099442135,853.0711463826416,24.319999999999936,7.4,0,authentic
109,0.109,6,-4500,56.16,7.853887125781224,829.8200021637954,34.519999999999996,8.6,0,authentic
110,0.11,11,8500,84.72,8.156442801048934,815.8512597453973,28.560000000000002,9.28,0,authentic
111,0.111,19,6000,606.64,8.563953066389509,876.8399376455037,-501.08000000000004,5.0,0,authentic
112,0.112,31,-9000,457.04,8.343272487586152,869.3451110102546,-149.59999999999997,5.68,0,authentic
113,0.113,27,-4000,224.12,8.175161117820304,869.3901898380959,-232.92000000000002,8.2,0,authentic
114,0.114,21,-9500,687.04,8.918995847994433,871.6080223285326,462.91999999999996,3.6,0,authentic
115,0.115,22,-5000,505.48,7.273967980632265,772.8706217229714,-181.55999999999995,12.92,0,authentic
116,0.116,22,-4500,750.64,7.9327952374344735,840.9405042369079,245.15999999999997,8.32,0,authentic
117,0.117,18,5500,184.84,8.800789233092482,910.4233464627479,457.20000000000005,2.56,0,authentic
118,0.11800000000000001,25,-7500,366.16,8.11430135608772,876.8475839324368,181.32000000000002,7.6,0,authentic
119,0.11900000000000001,2,-500,787.68,7.754558933697617,799.8974384857626,421.5199999999999,9.08,0,authentic
120,0.12,2,-4500,630.72,8.211733141958709,771.8872809995473,-156.95999999999992,5.28,0,authentic
121,0.121,1,-500,453.32,8.04152243905111,797.6644270530709,-177.40000000000003,5.28,0,authentic
122,0.122,20,9000,861.16,8.565591698101315,813.0039223442543,407.84,4.56,0,authentic
123,0.123,20,-6500,797.56,8.63299193044921,827.5786317384092,-63.60000000000002,3.04,0,authentic
124,0.124,15,4000,978.0,8.173828104554213,769.2513818366451,180.44000000000005,6.64,0,authentic
125,0.125,29,-8000,552.04,7.861394833211653,763.2912128577615,-425.96000000000004,9.64,0,authentic
126,0.126,3,-2000,611.0,7.994580588883323,794.8000319310368,58.960000000000036,7.12,0,authentic
127,0.127,12,7000,50.12,7.830854126947742,758.8492264167666,462.12,10.68,0,authentic
128,0.128,26,-5500,516.68,8.307982243785188,803.9641308999845,466.55999999999995,5.56,0,authentic
129,0.129,29,7000,889.24,8.820707874422586,840.1388356786023,372.56000000000006,4.12,0,authentic
130,0.13,26,9000,266.76,8.584107854374214,801.0615545489547,400.52,6.92,0,authentic
131,0.131,15,8500,54.84,8.436635466764995,804.5766722970722,-211.92,5.52,0,authentic
132,0.132,14,6000,297.8,8.47039462421375,834.8537177884775,242.96,3.96,0,authentic
133,0.133,20,-10000,527.36,7.898295384765845,763.7891243467366,229.56,9.2,0,authentic
134,0.134,17,-6500,876.24,8.127733929310404,787.6855827068039,348.88,5.52,0,authentic
135,0.135,29,-8500,116.32,7.824696959220709,773.6752775992431,263.0799999999999,8.76,0,authentic
136,0.136,16,-2500,404.72,8.420597388339376,788.6782371984639,288.40000000000003,5.84,0,authentic
137,0.137,32,4000,278.88,8.265207074092043,816.1502621751767,-125.84000000000003,4.64,0,authentic
138,0.138,26,-4500,410.08,8.324935507635283,813.6363323135433,131.2,5.88,0,authentic
139,0.139,20,7500,399.04,8.311008688309272,803.4223499105659,-11.039999999999964,5.44,0,authentic
140,0.14,17,7500,347.52,8.242989636778576,794.5615881561723,-51.52000000000004,7.6,0,authentic
141,0.14100000000000001,27,4000,739.28,8.907896007706457,861.1345581422436,391.76,2.96,0,authentic
142,0.14200000000000002,9,-9500,471.64,8.927959745949781,859.6038254070119,-267.64,5.52,0,authentic
143,0.14300000000000002,28,-10000,131.12,8.221696256892386,785.1156290164062,-340.52,6.36,0,authentic
144,0.14400000000000002,7,-8000,929.8,8.045218882803441,770.9295083094199,-224.32000000000005,8.0,0,authentic
145,0.145,10,3000,636.44,8.400136071383502,837.4926641283319,-293.3599999999999,5.28,0,authentic
146,0.146,31,6000,576.8,7.85042505659805,788.211752471735,-59.6400000000001,7.48,0,authentic
147,0.147,22,-9000,901.2,8.305659900904994,835.566032479389,324.4000000000001,6.64,0,authentic
148,0.148,13,-7500,192.96,7.906919723186102,780.4306847385732,314.76,9.96,0,authentic
149,0.149,8,10000,832.96,7.878178970033069,758.4702803136803,-383.0,8.32,0,authentic
150,0.15,30,5500,772.52,8.38178997789791,805.4037115439068,-60.440000000000055,5.48,0,authentic
151,0.151,11,3500,923.04,8.020779019378502,809.5408173781994,150.51999999999998,7.0,0,authentic
152,0.152,14,1000,197.28,8.015975401458405,780.9398475167851,297.24,7.04,0,authentic
153,0.153,21,2500,531.2,7.835323023668874,774.2872733548144,333.9200000000001,8.44,0,authentic
154,0.154,4,-6000,141.12,8.558450691151767,820.2015725885872,-390.08000000000004,3.76,0,authentic
155,0.155,28,1000,932.08,7.6462649562899365,753.7116339410863,-232.03999999999996,11.08,0,authentic
156,0.156,9,-500,989.08,8.939959539069253,847.0745856585269,57.0,2.52,0,authentic
157,0.157,22,8000,707.36,8.05748348604053,806.1786276013783,-281.72,7.08,0,authentic
158,0.158,9,5000,180.24,8.596369703678919,813.4093189654743,495.88,4.6,0,authentic
159,0.159,27,-8000,299.68,8.684907996430693,826.571975481433,119.44,3.52,0,authentic
160,0.16,2,6500,470.4,8.063491602741667,797.0963454802052,170.71999999999997,6.6,0,authentic
161,0.161,8,9500,244.8,8.460186171004807,798.4607879047254,-225.59999999999997,4.8,0,authentic
162,0.162,14,-6500,782.6,8.53476975654505,814.6106148697895,-485.20000000000005,4.84,0,authentic
163,0.163,16,-3000,38.72,8.588618313892209,814.1881711216882,279.12,3.76,0,authentic
164,0.164,20,9000,118.4,7.878192326553623,759.3150936461836,79.68,7.92,0,authentic
165,0.165,19,-7000,63.8,8.107290606965195,773.8493397263395,-54.60000000000001,5.56,0,authentic
166,0.166,1,-10000,874.36,8.093935059221458,802.4020997680445,-212.43999999999994,5.16,0,authentic
167,0.167,21,-5500,314.68,7.951070778534059,764.7046877958986,463.31999999999994,8.2,0,authentic
168,0.168,23,-1500,254.24,8.201790007720655,777.744482905685,-60.44,5.64,0,authentic
169,0.169,12,6500,832.8,8.329728756372125,816.7934550459227,-444.44000000000005,5.72,0,authentic
170,0.17,2,8000,486.16,8.042033341819169,815.5187712246145,-346.63999999999993,4.52,0,authentic
171,0.171,7,-2500,38.92,8.204605438650193,795.4768940488576,-447.24,6.32,0,authentic
172,0.17200000000000001,13,-9000,586.04,8.008872738287984,786.1189070468758,-475.88,7.56,0,authentic
173,0.17300000000000001,29,-7500,338.48,8.432085970180442,793.0145833031014,-247.55999999999995,6.28,0,authentic
174,0.17400000000000002,6,6500,771.92,7.978829627915733,766.1482668829524,433.43999999999994,9.68,0,authentic
175,0.17500000000000002,11,5000,73.88,8.229001925268093,810.8738387817258,324.96000000000004,5.28,0,authentic
176,0.176,31,3500,767.84,8.14044477398206,798.7871254557232,-329.03999999999996,6.48,0,authentic
177,0.177,7,-4500,24.28,9.089177188988499,859.560049419447,279.43999999999994,2.52,0,authentic
178,0.178,16,-4500,22.2,8.543164643273165,840.0329862461975,-2.080000000000002,4.52,0,authentic
179,0.179,13,3000,632.24,8.516975211257588,809.1171021906036,-412.96000000000004,3.84,0,authentic
180,0.18,32,-4000,571.08,8.41192444086166,813.4664477253486,-61.15999999999997,6.68,0,authentic
181,0.181,28,5000,507.64,7.622442581310931,756.3067772295395,-63.440000000000055,8.76,0,authentic
182,0.182,2,-7000,939.4,8.46201606675429,827.7504508121333,431.76,4.32,0,authentic
183,0.183,8,-3500,547.16,8.578261072779569,807.0295233871178,-392.24,5.68,0,authentic
184,0.184,19,-6000,94.48,9.119886011398242,860.178827898227,-452.67999999999995,2.24,0,authentic
185,0.185,20,-7000,46.88,7.98353135795556,786.7545967610383,-47.6,8.48,0,authentic
186,0.186,22,-8500,738.08,7.553393253296776,753.0732381246938,-331.79999999999995,10.92,0,authentic
187,0.187,21,8000,793.52,8.26783965824877,791.5731677720189,55.43999999999994,5.76,0,authentic
188,0.188,29,-5500,974.64,7.682390363027537,778.0706476212688,181.12,9.68,0,authentic
189,0.189,29,1000,276.72,8.337105314947975,814.5826395227915,325.08000000000004,3.96,0,authentic
190,0.19,10,8000,758.04,8.000786840148029,780.252770742021,481.31999999999994,8.68,0,authentic
191,0.191,7,-1000,293.08,8.264397183364018,776.044433131086,-464.96,5.88,0,authentic
192,0.192,3,-9000,209.96,8.010370414805667,784.4393661761388,-83.11999999999998,7.64,0,authentic
193,0.193,9,0,647.44,8.276964377749577,807.8393602403687,437.48,4.52,0,authentic
194,0.194,22,-2500,388.0,8.057716871184413,811.6967450175225,-259.44000000000005,6.48,0,authentic
195,0.195,5,9000,939.28,8.037770566145838,796.46669982472,-471.72,8.32,0,authentic
196,0.196,14,-6000,767.68,7.784528687271417,819.0332611375195,-171.60000000000002,7.96,0,authentic
197,0.197,12,-8000,46.4,8.617684669224813,884.1487722876973,301.72,4.72,0,authentic
198,0.198,31,-1500,457.76,8.801021888208137,873.6972569569816,411.36,3.52,0,authentic
199,0.199,10,-1000,688.6,8.885960804244924,925.9898859213462,230.84000000000003,3.16,0,authentic
200,0.2,10,-8500,708.72,8.365693671364937,868.516323800074,20.120000000000005,5.56,0,authentic
201,0.201,7,-9500,908.88,8.001093585034829,846.0339173474985,200.15999999999997,8.88,0,authentic
202,0.202,25,10000,574.8,7.929719924050541,816.1634011085191,-334.08000000000004,6.64,0,authentic
203,0.203,13,-500,371.32,8.299190815654901,856.9870122922596,-203.47999999999996,4.52,0,authentic
204,0.20400000000000001,5,-10000,651.68,8.297388375770423,831.2962121976669,280.35999999999996,4.6,0,authentic
205,0.20500000000000002,20,6000,837.48,8.697110781644032,932.2856674485644,185.80000000000007,3.04,0,authentic
206,0.20600000000000002,25,4500,150.2,8.106701027303169,808.6412120002182,335.72,7.0,0,authentic
207,0.20700000000000002,15,500,433.2,8.156338306106482,843.0742170856076,283.0,5.64,0,authentic
208,0.20800000000000002,28,-3000,431.92,7.995404461582133,820.0268722478651,-1.2799999999999727,8.28,0,authentic
209,0.209,22,7500,977.52,8.513963928784158,886.1488786871462,-477.4000000000001,5.72,0,authentic
210,0.21,30,-10000,454.68,8.082414729282586,823.4389300337735,500.1600000000001,8.52,0,authentic
211,0.211,13,-3500,457.88,8.889078326688761,907.4185088982919,3.1999999999999886,4.2,0,authentic
212,0.212,3,9000,371.8,8.350073823820113,825.1687829943087,-86.07999999999998,6.56,0,authentic
213,0.213,17,-2000,228.24,8.580540252820446,837.5924871367326,-143.56,3.4,0,authentic
214,0.214,3,-500,872.36,8.520917789214657,838.7449838208033,-378.88,4.44,0,authentic
215,0.215,30,-3500,630.88,7.894037126495748,799.4606657110132,-241.48000000000002,7.44,0,authentic
216,0.216,6,-1500,407.88,8.349524250743116,841.6054070237928,-223.0,4.52,0,authentic
217,0.217,15,3000,808.16,7.763338573603789,756.2858896657532,400.28,13.04,0,authentic
218,0.218,9,-5000,72.84,7.996375577182228,805.165114526689,287.68000000000006,7.72,0,authentic
219,0.219,25,-500,651.12,8.301997153429136,788.8898356421289,-444.72,7.44,0,authentic
220,0.22,19,1500,635.36,7.7124770198135675,772.549972567886,-15.759999999999991,8.84,0,authentic
221,0.221,13,7500,654.24,7.990932053886003,773.3772126967199,18.879999999999995,8.52,0,authentic
222,0.222,25,-5500,881.2,8.123887293352173,772.7822430226769,226.96000000000004,8.56,0,authentic
223,0.223,6,-9000,39.96,8.4295400189427,808.1570531903752,181.76,4.92,0,authentic
224,0.224,18,-3500,223.96,8.072470289184945,768.9324477912569,184.0,8.96,0,authentic
225,0.225,1,-5500,266.68,9.033343922055643,845.7284264488404,42.72,3.08,0,authentic
226,0.226,25,-1000,328.08,7.802824666951548,784.6402005433682,61.39999999999998,9.36,0,authentic
227,0.227,1,7000,921.56,7.9099032092587445,770.9178516138162,-429.52,6.56,0,authentic
228,0.228,27,-3000,824.96,8.29319885353426,806.7539452263078,-96.59999999999991,4.8,0,authentic
229,0.229,13,7500,630.92,8.522843509051937,817.1949013879281,-194.04000000000008,4.84,0,authentic
230,0.23,19,4500,768.2,8.214100113616633,818.9866186074695,137.2800000000001,4.52,0,authentic
231,0.231,11,6000,854.64,8.130938300143875,811.7833491708246,86.43999999999994,5.24,0,authentic
232,0.232,25,-10000,568.56,7.70183226605173,801.5701879001319,-286.08000000000004,10.48,0,authentic
233,0.233,19,4500,980.28,8.348606496146509,811.2587128769876,411.72,6.28,0,authentic
234,0.234,30,-3500,141.08,8.14276254622844,789.7678081398951,183.80000000000007,7.04,0,authentic
235,0.23500000000000001,31,-8000,684.64,8.001624373757574,779.0230073088667,-479.44000000000005,7.92,0,authentic
236,0.23600000000000002,32,-7500,173.2,8.016802752361532,797.0938728038477,-511.44,9.36,0,authentic
237,0.23700000000000002,4,-5000,268.92,8.424502566674159,885.0718581145113,95.72000000000003,4.76,0,authentic
238,0.23800000000000002,30,-7500,810.48,8.61230036508037,855.2642793173916,-481.44000000000005,4.36,0,authentic
239,0.23900000000000002,6,-8500,31.4,8.787363629847226,877.8837692002196,243.91999999999996,2.44,0,authentic
240,0.24,28,-6500,218.88,7.852408283964439,818.8051494973687,187.48,8.28,0,authentic
241,0.241,26,1000,953.96,8.376460302429921,838.9197366784495,-287.91999999999996,5.8,0,authentic
242,0.242,22,8000,482.16,8.53780821952946,910.9361433980667,-471.8,3.52,0,authentic
243,0.243,30,9500,408.0,8.475525309364999,876.4546391305167,-74.16000000000003,4.32,0,authentic
244,0.244,11,-500,704.36,9.109067787545902,920.9895799724011,296.36,3.6,0,authentic
245,0.245,14,-6000,951.92,7.860665416129594,778.2400598960841,247.55999999999995,9.68,0,authentic
246,0.246,20,500,298.64,8.668917335636767,869.0168463519357,369.72,4.96,0,authentic
247,0.247,8,3500,736.12,8.393881273385592,874.6480755042448,437.48,6.24,0,authentic
248,0.248,15,-2000,521.8,8.792674543333183,870.51374235751,-214.32000000000005,4.48,0,authentic
249,0.249,16,-6000,673.44,8.24595878109944,836.4176937946669,151.6400000000001,4.92,0,authentic
250,0.25,4,-5500,897.72,9.002781462982394,930.7674874694193,224.27999999999997,4.32,0,authentic
251,0.251,1,500,1021.0,8.309172351710032,861.9511760884086,123.27999999999997,6.08,0,authentic
252,0.252,15,3500,180.76,8.380998328980949,839.97428065153,182.76,8.04,0,authentic
253,0.253,30,4000,473.04,8.687374028361022,864.4793889406038,292.28000000000003,4.4,0,authentic
254,0.254,18,-9000,452.92,8.339610559488776,864.0746798893092,-20.120000000000005,5.84,0,authentic
255,0.255,28,5000,883.84,7.725576076197359,786.6670520754855,430.92,9.04,0,authentic
256,0.256,26,-7500,416.16,7.765592529436702,810.6615094414078,-467.68,7.0,0,authentic
257,0.257,23,500,273.96,7.983400528843294,813.2276660469495,-142.20000000000005,8.76,0,authentic
258,0.258,14,0,501.76,8.290659911738512,822.9924213320097,227.8,5.84,0,authentic
259,0.259,14,-1000,840.64,8.224770727519338,847.4259214188626,338.88,5.76,0,authentic
260,0.26,27,-9500,879.36,8.65508972350712,896.2734858906663,38.72000000000003,4.16,0,authentic
261,0.261,15,7500,591.04,8.532358719895024,865.6246185934966,-288.32000000000005,4.48,0,authentic
262,0.262,16,-6500,818.56,7.9942698855146865,811.636023321433,227.51999999999998,7.36,0,authentic
263,0.263,5,500,341.16,8.594721833381124,884.670353283943,-477.3999999999999,4.68,0,authentic
264,0.264,8,2500,528.2,8.077085684349173,827.7034683215193,187.04000000000002,6.96,0,authentic
265,0.265,19,-2500,946.2,7.7602596769376415,805.8821387598676,418.0,8.64,0,authentic
266,0.266,14,7000,12.6,8.713600359228133,893.9781331528571,89.39999999999998,5.12,0,authentic
267,0.267,3,8500,374.8,8.527812010696502,841.458148891067,362.2,5.8,0,authentic
268,0.268,22,-5500,138.44,7.86054681352697,822.477522120446,-236.36,7.92,0,authentic
269,0.269,11,-4500,352.6,7.898514732293142,818.0489312458816,214.16000000000003,7.52,0,authentic
270,0.27,23,-2000,154.24,8.386512303780256,859.5142871328485,-198.36,6.12,0,authentic
271,0.271,20,-2500,549.64,8.251303674046966,848.9250264670164,395.4,6.76,0,authentic
272,0.272,30,-4500,565.64,8.964365451179836,887.6569313481587,16.0,3.16,0,authentic
273,0.273,11,4500,786.32,8.332813692792135,834.7320643638584,220.68000000000006,8.24,0,authentic
274,0.274,22,-2500,921.36,7.62971765305884,825.5964817340756,135.03999999999996,10.32,0,authentic
275,0.275,31,-2000,398.52,8.520508322613262,867.5264568399015,500.15999999999997,4.88,0,authentic
276,0.276,14,-6000,354.88,8.018396912387203,845.9370537685247,-43.639999999999986,6.64,0,authentic
277,0.277,5,-8500,1017.44,7.968767979104925,837.5281957180406,-360.43999999999994,8.84,0,authentic
278,0.278,13,-5500,991.96,8.078795823818954,827.8937929829398,-25.480000000000018,4.72,0,authentic
279,0.279,14,-3000,1004.24,8.287563953185817,817.0247589829378,12.279999999999973,5.52,0,authentic
280,0.28,30,5500,16.92,8.328165979940634,841.1641300702523,35.67999999999995,5.4,0,authentic
281,0.281,26,5000,856.08,7.952689158102602,799.2247265785717,-183.83999999999992,5.8,0,authentic
282,0.28200000000000003,8,1000,955.88,7.964116389496018,831.1271397339879,99.79999999999995,7.44,0,authentic
283,0.28300000000000003,14,0,930.04,8.190494345722897,866.4452212763135,-25.840000000000032,5.64,0,authentic
284,0.28400000000000003,29,-5500,937.88,8.339970874881304,827.2982508946487,7.840000000000032,5.28,0,authentic
285,0.28500000000000003,31,6000,682.72,7.667082958060584,813.9975962162723,-255.15999999999997,7.88,0,authentic
286,0.28600000000000003,26,5500,128.52,8.301498516568431,828.9703029559324,468.79999999999995,4.88,0,authentic
287,0.28700000000000003,1,-9500,954.36,7.840289609305174,818.3741802236875,-197.15999999999997,8.68,0,authentic
288,0.28800000000000003,1,-3000,31.4,7.878740606302671,805.8348667947521,100.03999999999996,9.64,0,authentic
289,0.289,24,-2000,493.84,8.177758882077498,837.4739032971976,462.44,6.24,0,authentic
290,0.29,18,-5000,504.84,8.403756696866518,852.1282445607193,11.0,3.76,0,authentic
291,0.291,28,-5000,569.68,8.253181283658966,851.4012404084245,64.83999999999997,6.4,0,authentic
292,0.292,22,7000,540.04,7.744918419673637,806.4516363980576,-29.639999999999986,8.68,0,authentic
293,0.293,1,500,331.12,8.303275933887152,840.4545728257689,-208.91999999999996,5.44,0,authentic
294,0.294,27,-4500,363.76,7.787857633516613,810.6860229185684,32.639999999999986,8.32,0,authentic
295,0.295,11,1000,577.56,8.134407532325966,844.6390844946523,213.79999999999995,6.32,0,authentic
296,0.296,17,-4500,294.36,7.944435731665089,821.1089407454086,-283.19999999999993,7.92,0,authentic
297,0.297,27,-9500,1019.08,8.351811563635076,870.6710000991391,-298.28,3.6,0,authentic
298,0.298,5,2500,291.8,8.196977402404103,818.4927276500174,295.72,6.24,0,authentic
299,0.299,28,5000,790.8,8.071715217111137,831.9205467308043,498.99999999999994,7.28,0,authentic
300,0.3,28,-1000,588.12,7.5841210043035305,779.823942343629,-202.67999999999995,9.36,0,authentic
301,0.301,26,-1500,932.76,8.258935011158057,914.3027805770122,344.64,6.6,0,authentic
302,0.302,2,9500,681.64,8.806581899148192,925.2987269904373,-251.12,3.44,0,authentic
303,0.303,4,-3000,304.88,8.662149328287414,850.2138022604521,-376.76,5.2,0,authentic
304,0.304,29,-1000,197.52,8.463926635063384,814.8626990039783,-107.35999999999999,2.36,0,authentic
305,0.305,12,2500,85.92,8.155047622393825,772.698582184651,-111.60000000000001,4.72,0,authentic
306,0.306,9,7000,910.64,8.672558344958361,795.067134455129,-198.27999999999997,5.24,0,authentic
307,0.307,18,-7000,770.28,8.370531055702434,813.7783922078562,-140.36,6.44,0,authentic
308,0.308,13,-4500,808.8,8.239262611808964,779.2736411012282,38.51999999999998,6.64,0,authentic
309,0.309,22,-2000,753.56,7.7127105504995725,796.9912206547813,-55.24000000000001,10.84,0,authentic
310,0.31,30,8000,513.2,8.223549834807443,780.3310541518636,-240.3599999999999,6.28,0,authentic
311,0.311,29,10000,1017.2,7.866340613448518,746.7626062658736,504.0,8.28,0,authentic
312,0.312,19,-10000,359.12,8.386680142096099,797.0250677900965,364.91999999999996,4.48,0,authentic
313,0.313,32,9500,890.52,8.126098520647849,778.2326677322527,-491.6,7.76,0,authentic
314,0.314,6,-3000,418.04,7.914451080846682,777.4472828710738,-472.47999999999996,7.12,0,authentic
315,0.315,29,-9500,22.2,8.764239891527737,879.0662213706554,-395.84000000000003,3.16,0,authentic
316,0.316,29,-4500,958.0,9.027252450012512,889.7302196093699,-87.20000000000005,2.92,0,authentic
317,0.317,19,-2000,592.24,8.07755599045811,768.0968776778196,-365.76,7.92,0,authentic
318,0.318,13,8000,996.6,7.942876895985188,772.3254383340086,404.36,7.64,0,authentic
319,0.319,26,9000,205.96,7.9182076867450695,740.4992663405236,232.36,10.6,0,authentic
320,0.32,24,-8000,383.04,8.498047864162395,826.5061937826538,177.08,6.0,0,authentic
321,0.321,25,9000,628.84,8.986579579234176,915.1038311975475,245.8,2.84,0,authentic
322,0.322,12,-7000,463.56,8.223723010959604,820.3379461688675,-165.28000000000003,7.4,0,authentic
323,0.323,7,-1000,363.92,7.9108270377435455,800.1327705258003,-99.63999999999999,6.08,0,authentic
324,0.324,8,-5500,516.72,8.431289460640057,882.4158271672906,152.8,4.2,0,authentic
325,0.325,15,-2500,920.16,8.174638079132814,844.3470621855693,403.43999999999994,7.52,0,authentic
326,0.326,13,6000,779.28,7.855484594259061,786.7796568398334,-140.88,8.04,0,authentic
327,0.327,6,4000,349.0,7.9828845235097745,819.3496264653807,-430.28,6.84,0,authentic
328,0.328,17,2000,802.76,8.35683615166367,872.6475878764237,453.76,4.88,0,authentic
329,0.329,8,-3500,997.24,8.153596769655575,831.2184213007552,194.48000000000002,7.84,0,authentic
330,0.33,7,-2000,187.16,7.9247332728290205,817.8930207082501,212.91999999999996,7.16,0,authentic
331,0.331,11,-8000,655.16,8.76712793043093,902.2906696304661,468.0,3.32,0,authentic
332,0.332,31,-1500,278.52,8.583417183229297,887.4546566560757,-376.64,5.72,0,authentic
333,0.333,9,-5500,957.32,8.100868569412313,825.2525440424981,-344.19999999999993,10.36,0,authentic
334,0.334,11,-2000,824.24,8.262912824892677,843.2885793804078,-133.08000000000004,6.56,0,authentic
335,0.335,14,-8000,497.32,7.89194390635459,816.3604811054896,-326.92,8.2,0,authentic
336,0.336,17,-1000,793.48,8.28535441781246,826.0155413816049,296.16,7.04,0,authentic
337,0.337,14,4000,856.24,8.517713555316229,848.8458160312434,62.75999999999999,4.92,0,authentic
338,0.338,12,-8000,62.0,7.607395517235227,789.2194377824898,228.76,9.56,0,authentic
339,0.339,28,3500,561.64,7.905020170790398,830.3150667809158,499.64,6.24,0,authentic
340,0.34,22,7500,598.6,7.891411151595865,811.62335128763,36.960000000000036,7.04,0,authentic
341,0.341,31,-7500,226.76,8.579322874019004,870.3112120894078,-371.84000000000003,4.8,0,authentic
342,0.342,17,-9500,946.32,8.462133850564992,888.419067579218,-303.43999999999994,4.32,0,authentic
343,0.343,20,-5500,804.4,8.426436114326503,877.7277302431314,-141.92000000000007,4.76,0,authentic
344,0.34400000000000003,10,-8000,931.24,8.042012657134666,814.7445786689428,126.84000000000003,7.52,0,authentic
345,0.34500000000000003,8,4500,846.16,7.947163617389077,842.028726199306,-85.08000000000004,5.92,0,authentic
346,0.34600000000000003,13,0,560.72,7.874724670162326,797.2197436509026,-285.43999999999994,9.24,0,authentic
347,0.34700000000000003,5,3000,31.44,8.02930145011695,842.536074473019,493.72,7.28,0,authentic
348,0.34800000000000003,25,-6000,51.48,8.201796622275932,824.6634631499925,20.039999999999996,7.16,0,authentic
349,0.34900000000000003,20,1000,307.36,7.592082891672196,797.6525507015182,255.88000000000002,11.28,0,authentic
350,0.35000000000000003,9,7500,515.88,7.963435889777063,811.0924701317944,208.51999999999998,8.96,0,authentic
351,0.35100000000000003,32,-500,727.2,8.409573416098285,856.907137162777,211.32000000000005,5.08,0,authentic
352,0.352,7,5500,804.0,8.136269647302147,846.895273596386,76.79999999999995,7.36,0,authentic
353,0.353,9,-9500,212.4,8.015989203080405,807.7793704434187,431.4,9.56,0,authentic
354,0.354,13,7500,1018.0,8.762811216340255,861.7990637795561,-217.39999999999998,3.56,0,authentic
355,0.355,22,8500,933.24,8.540030322878444,877.3777178199917,-84.75999999999999,4.8,0,authentic
356,0.356,20,-10000,1004.24,8.021920593282728,852.2775993383034,71.0,12.84,0,authentic
357,0.357,20,-1000,48.32,8.666406943536085,895.8144176874234,67.08000000000004,4.64,0,authentic
358,0.358,17,-7000,201.48,8.523376631755715,842.4089032909219,153.16,5.36,0,authentic
359,0.359,14,-7500,832.68,8.093830828535443,814.8706206918549,-391.80000000000007,7.84,0,authentic
360,0.36,3,3000,319.24,7.7661436711896386,801.9496817754012,509.56000000000006,10.2,0,authentic
361,0.361,20,-6000,430.52,8.36892325510685,846.7644499817073,111.27999999999997,4.96,0,authentic
362,0.362,2,5500,685.0,7.902635894979942,851.0487402988405,254.48000000000002,8.96,0,authentic
363,0.363,25,6000,767.2,8.582162557269173,901.2665085638678,82.20000000000005,5.24,0,authentic
364,0.364,29,-1500,563.56,9.116526954599953,913.1994747076245,-203.6400000000001,2.84,0,authentic
365,0.365,11,1000,102.28,8.174147040552475,828.8239399197779,-461.28,6.0,0,authentic
366,0.366,3,-7000,424.2,7.971975157410097,808.7395501404267,321.91999999999996,7.84,0,authentic
367,0.367,8,2500,487.84,8.015659401707754,804.090187620687,63.639999999999986,12.08,0,authentic
368,0.368,11,10000,322.84,7.715069898043744,782.9120708619495,-165.0,8.88,0,authentic
369,0.369,8,5000,480.52,8.701494480568686,894.599451731474,157.68,4.52,0,authentic
370,0.37,11,3000,228.04,7.98911215400883,824.4361223902398,-252.48,7.76,0,authentic
371,0.371,14,4000,914.04,8.401008593048143,844.4431274911823,-337.0,4.88,0,authentic
372,0.372,2,4500,285.72,7.921278201823472,833.3666323678392,394.68000000000006,8.0,0,authentic
373,0.373,28,-10000,558.6,7.851339915012966,813.3271327522806,272.88,9.12,0,authentic
374,0.374,15,6500,286.8,9.179132785291527,918.8992949014018,-271.8,2.6,0,authentic
375,0.375,26,-6000,248.84,7.921848595028284,831.9604644500553,-37.96000000000001,9.6,0,authentic
376,0.376,22,-1500,921.48,8.219002098969051,839.2508976339697,-350.36,6.24,0,authentic
377,0.377,2,500,924.08,7.596625070325173,787.827665630034,2.6000000000000227,9.64,0,authentic
378,0.378,2,-5500,350.36,8.831564133143258,887.0411315700936,449.28,3.44,0,authentic
379,0.379,19,-10000,979.16,7.697341969222833,803.0673913266999,-394.20000000000005,11.56,0,authentic
380,0.38,5,-6500,760.52,8.549785157097244,854.5779191105713,-218.64,5.16,0,authentic
381,0.381,22,-10000,245.84,8.262701305640002,841.1942951620738,508.32000000000005,6.36,0,authentic
382,0.382,9,-6000,894.44,8.244857136571307,847.0114257857834,-374.4,5.92,0,authentic
383,0.383,14,4000,120.52,7.898883138118492,829.6591435328338,249.07999999999993,7.72,0,authentic
384,0.384,14,5500,392.8,8.442926601723112,883.2011384956003,272.28000000000003,6.32,0,authentic
385,0.385,13,5500,218.16,8.502873449061466,867.6076625620931,-174.64000000000001,4.2,0,authentic
386,0.386,4,-1500,922.44,8.076251558420758,807.5481063775553,-318.7199999999999,8.52,0,authentic
387,0.387,6,-5500,266.84,8.447860615378435,853.4319182504039,367.39999999999986,5.92,0,authentic
388,0.388,8,6500,975.2,8.022526852881624,861.6198239776642,-314.6399999999999,8.44,0,authentic
389,0.389,18,0,877.96,8.919545488908959,932.2763579121191,-97.24000000000001,2.6,0,authentic
390,0.39,3,-1000,681.0,8.302840905699643,828.9241505760488,-196.96000000000004,6.24,0,authentic
391,0.391,29,6000,629.88,8.930343099842712,921.4621412785,-51.120000000000005,2.88,0,authentic
392,0.392,14,6000,290.36,8.005755260465598,828.037197267171,-339.52,7.28,0,authentic
393,0.393,6,3500,115.28,7.978743169735632,831.4241964893479,-175.08,7.68,0,authentic
394,0.394,4,-7000,433.84,8.29549399163267,866.0767452066275,318.55999999999995,4.44,0,authentic
395,0.395,7,-9000,239.96,9.131328100993615,919.999563502838,-193.87999999999997,3.0,0,authentic
396,0.396,2,7000,43.24,8.338511824904161,857.3380584903441,-196.72,6.76,0,authentic
397,0.397,18,500,249.76,8.134198970979488,841.7358491554885,206.51999999999998,7.32,0,authentic
398,0.398,23,-6500,587.52,8.00925734817521,827.608911264951,337.76,5.52,0,authentic
399,0.399,14,2000,657.84,8.186996303745218,823.5117527179522,70.32000000000005,6.32,0,authentic
400,0.4,9,-8500,977.24,8.132795313072918,845.2129429420756,319.4,6.12,0,authentic
401,0.401,5,-6000,835.96,7.952280745798391,830.4087331160412,-141.27999999999997,6.68,0,authentic
402,0.402,20,7000,113.68,8.224187627133375,817.4834455393186,300.72,5.52,0,authentic
403,0.403,18,5000,623.32,8.161786929442133,840.149149962361,509.64000000000004,7.0,0,authentic
404,0.404,14,-1500,723.88,8.530727125372533,928.4055391131006,100.55999999999995,4.44,0,authentic
405,0.405,28,4000,224.52,8.028416369377222,793.8632218313774,-499.36,6.36,0,authentic
406,0.406,27,-9500,813.16,8.392282326310166,839.9099261338731,-434.36,5.52,0,authentic
407,0.40700000000000003,23,-7000,579.92,8.715244065863017,888.2796692632234,-233.24,3.6,0,authentic
408,0.40800000000000003,22,6500,171.52,8.624594339044274,924.0329861691431,-408.4,4.32,0,authentic
409,0.40900000000000003,23,6500,866.48,8.595031593920762,855.3678405672823,-328.03999999999996,4.36,0,authentic
410,0.41000000000000003,17,-1000,584.6,8.433104838942903,847.6279314234536,-281.88,4.28,0,authentic
411,0.41100000000000003,26,-5500,151.44,8.703963949605866,886.2629686430449,-433.16,3.16,0,authentic
412,0.41200000000000003,18,-7500,744.32,8.429322052308553,888.9800413163836,-430.1199999999999,6.84,0,authentic
413,0.41300000000000003,21,-3500,567.48,8.306730723016205,826.1689942370132,-176.84000000000003,8.44,0,authentic
414,0.41400000000000003,11,2500,216.64,7.904961775151459,834.9307476938677,-350.84000000000003,7.04,0,authentic
415,0.41500000000000004,5,2000,182.08,9.130151474268256,929.9151003982286,-34.559999999999974,3.4,0,authentic
416,0.41600000000000004,1,3500,89.12,8.59742126357304,922.5536068402723,-92.96000000000001,4.24,0,authentic
417,0.417,32,-7500,928.44,8.081884522830798,835.1181344155127,-183.67999999999995,5.76,0,authentic
418,0.418,3,-1000,53.48,8.273468437742975,854.5453272797096,148.03999999999996,5.56,0,authentic
419,0.419,6,8500,214.84,8.568566092916797,843.4535857964221,161.36,5.68,0,authentic
420,0.42,18,5500,1008.2,7.911763080076067,793.1720948536392,-229.64,6.96,0,authentic
421,0.421,4,-10000,77.56,8.088017938861187,851.5200230601814,92.3599999999999,6.08,0,authentic
422,0.422,27,5000,285.4,8.401649929633718,858.5327993757635,207.83999999999997,4.88,0,authentic
423,0.423,5,6000,221.32,7.9214530924334845,837.6015874494205,-64.07999999999998,8.64,0,authentic
424,0.424,27,3500,453.76,7.953783812008523,834.375141671776,232.44,5.72,0,authentic
425,0.425,3,10000,446.8,8.376057726498138,851.3707595793062,-6.9599999999999795,7.56,0,authentic
426,0.426,23,-7500,401.88,8.093497684463026,851.6095047746614,-44.920000000000016,6.72,0,authentic
427,0.427,11,10000,891.24,8.664906493559862,861.4342772808991,489.36,3.96,0,authentic
428,0.428,14,2500,985.96,8.00404262465002,826.5105171493744,94.72000000000003,9.16,0,authentic
429,0.429,14,0,550.04,8.606914989196511,899.2432443287261,-435.9200000000001,3.68,0,authentic
430,0.43,32,-8000,717.96,7.74673676721158,794.158216676506,167.92000000000007,8.88,0,authentic
431,0.431,32,0,318.76,9.00142917926581,900.1817761424819,-399.20000000000005,2.16,0,authentic
432,0.432,27,-10000,534.6,8.131140101608466,839.127553267534,215.84000000000003,5.08,0,authentic
433,0.433,32,-7000,807.68,8.281931615689825,844.4957039141641,273.0799999999999,5.68,0,authentic
434,0.434,17,-4500,465.04,8.317386895208546,861.3422877268591,-342.63999999999993,6.68,0,authentic
435,0.435,12,10000,547.64,7.768526430091297,795.432597661904,82.59999999999997,10.88,0,authentic
436,0.436,22,-3500,731.96,7.895338733786742,807.7962012947949,184.32000000000005,9.8,0,authentic
437,0.437,24,-10000,857.76,8.547078988763428,832.6038903160081,125.79999999999995,4.44,0,authentic
438,0.438,32,1000,810.84,8.450807044977633,879.9673084349562,-46.91999999999996,4.2,0,authentic
439,0.439,10,5000,845.72,8.151352816347753,824.7044880272288,34.879999999999995,6.56,0,authentic
440,0.44,13,-9000,991.48,8.827822124027499,904.4482893119252,145.76,3.96,0,authentic
441,0.441,22,-7500,375.88,7.6977897547093725,817.6307357990078,407.4,9.56,0,authentic
442,0.442,24,-2500,973.12,8.58906648142699,850.1386353403083,-425.76,4.92,0,authentic
443,0.443,23,0,747.84,8.43822533502318,865.5796148475946,-225.27999999999997,7.0,0,authentic
444,0.444,17,-9000,85.52,8.136343537604814,859.5201413367339,360.67999999999995,6.0,0,authentic
445,0.445,28,8500,1002.2,8.290147043877989,860.0350510515287,-106.31999999999994,6.44,0,authentic
446,0.446,25,-500,630.28,8.512836962274655,851.1999340692594,-371.9200000000001,4.8,0,authentic
447,0.447,32,-9000,766.36,7.99414949980778,860.7247705885371,136.08000000000004,9.4,0,authentic
448,0.448,21,9000,94.52,8.026071181149781,821.2343399941562,351.15999999999997,7.04,0,authentic
449,0.449,10,-6500,322.52,7.990275324437589,832.1140959487082,228.0,5.32,0,authentic
450,0.45,29,-1500,643.8,8.118688458983627,831.8137701664931,321.28,7.48,0,authentic
451,0.451,25,-5500,127.4,8.257611567314484,823.5805672726046,506.6,4.84,0,authentic
452,0.452,8,-4500,875.0,9.066304671681003,927.3902441513709,-275.4,3.08,0,authentic
453,0.453,1,-2000,226.12,8.312840580002097,847.1886954677723,374.12,7.72,0,authentic
454,0.454,28,-6500,674.28,7.957979064392477,826.9236209484603,448.15999999999997,6.16,0,authentic
455,0.455,24,1500,955.04,8.707357602900895,869.4763099786459,280.76,4.64,0,authentic
456,0.456,23,9500,737.08,7.556059617899618,799.8934889558019,-217.95999999999992,9.12,0,authentic
457,0.457,13,-7000,547.92,8.346159117556883,863.2621653333259,-189.16000000000008,4.4,0,authentic
458,0.458,6,-2000,132.32,8.092839600269555,842.9172639091282,-415.59999999999997,7.8,0,authentic
459,0.459,19,8000,970.16,8.141799112252741,858.1602854276719,-185.16000000000008,5.44,0,authentic
460,0.46,23,-3500,719.36,8.242678635453174,821.4248436370918,-250.79999999999995,5.52,0,authentic
461,0.461,1,-5500,643.32,8.592271431324752,880.3246483495321,-76.03999999999996,4.96,0,authentic
462,0.462,30,-4500,302.52,8.395933713799645,893.3133674738532,-340.80000000000007,5.0,0,authentic
463,0.463,2,1500,1021.56,7.899969729694291,858.525901686689,-303.96000000000004,7.76,0,authentic
464,0.464,3,-7000,854.48,7.828882077708381,816.0845019071864,-167.07999999999993,10.24,0,authentic
465,0.465,32,1000,912.12,8.027162093320783,833.9776017860192,57.639999999999986,7.32,0,authentic
466,0.466,21,7000,881.04,8.37862353251768,822.2637116483336,-31.08000000000004,4.88,0,authentic
467,0.467,13,2500,427.08,8.425779255907143,869.3598417159146,-453.96,4.0,0,authentic
468,0.468,7,-3500,626.24,8.090032085316198,822.6700437115204,199.16000000000003,6.88,0,authentic
469,0.46900000000000003,15,-4000,347.0,8.601662312923361,878.6464005790301,-279.24,4.56,0,authentic
470,0.47000000000000003,26,-7000,332.52,7.8203297822468265,839.4362387386733,-14.480000000000018,7.72,0,authentic
471,0.47100000000000003,16,3000,305.48,7.750172861474826,809.2786797841652,-27.039999999999964,8.56,0,authentic
472,0.47200000000000003,20,-1000,616.04,8.167617718497834,840.3658618892478,310.55999999999995,7.56,0,authentic
473,0.47300000000000003,8,3000,71.64,8.4236606838389,890.9251036327769,478.6,5.8,0,authentic
474,0.47400000000000003,3,-6000,334.28,8.73342992817728,876.4280751295771,262.64,3.56,0,authentic
475,0.47500000000000003,29,-2500,442.36,8.040129213268196,818.5677660073887,108.08000000000004,8.04,0,authentic
476,0.47600000000000003,12,-1000,17.16,8.37179494244017,900.9666439823623,-425.2,5.16,0,authentic
477,0.47700000000000004,15,-9500,135.48,8.159796413361343,841.683703117542,118.32,7.44,0,authentic
478,0.47800000000000004,1,7000,637.44,8.517687693459923,867.5560742610354,501.96000000000004,4.44,0,authentic
479,0.47900000000000004,24,-1000,21.2,8.425842976305262,825.1191705609443,406.76,7.32,0,authentic
480,0.48,32,-5500,974.44,8.24154914721311,858.1275391767737,-69.75999999999999,6.12,0,authentic
481,0.481,29,500,727.08,8.346655485126547,857.3008633527766,-247.36,4.76,0,authentic
482,0.482,9,5500,850.36,8.358031289063542,843.1886447714013,123.27999999999997,6.4,0,authentic
483,0.483,13,-10000,292.84,8.04433822096025,813.0146216384308,465.48,6.4,0,authentic
484,0.484,31,-10000,571.72,8.13234048721936,844.814570600976,278.88000000000005,5.56,0,authentic
485,0.485,3,9500,855.04,8.832303257618987,895.3141551302051,283.31999999999994,2.32,0,authentic
486,0.486,24,-5500,285.84,8.076678658798341,819.4927852973589,453.79999999999995,7.4,0,authentic
487,0.487,29,9000,936.72,8.187841156654274,828.1523891946393,-372.1199999999999,6.48,0,authentic
488,0.488,4,1500,855.64,8.767698069814934,918.3705948836488,-81.08000000000004,3.64,0,authentic
489,0.489,23,1000,68.48,8.322104208868977,847.8697859906038,235.84000000000003,5.28,0,authentic
490,0.49,31,-5000,808.48,8.571608051127518,884.4675393977025,-283.0,4.76,0,authentic
491,0.491,24,1000,722.52,8.24194421727528,826.4286168550618,-85.96000000000004,6.04,0,authentic
492,0.492,8,-3000,392.4,7.98623251569074,847.8872458181528,-330.12,8.64,0,authentic
493,0.493,19,-9000,540.2,8.679591763216754,916.7770802740262,147.80000000000007,4.56,0,authentic
494,0.494,32,9500,897.28,8.724728058921231,842.6171909701986,357.0799999999999,3.4,0,authentic
495,0.495,31,-7500,57.12,8.102246033190779,764.0764212430028,182.84000000000003,7.12,0,authentic
496,0.496,8,-9500,589.44,7.994472154078069,788.260556100604,-490.67999999999995,7.12,0,authentic
497,0.497,20,7500,865.76,8.577550951316908,822.3023199721526,276.31999999999994,4.68,0,authentic
498,0.498,24,9000,680.64,8.254916917113055,790.5647567065395,-185.12,5.28,0,authentic
499,0.499,18,-2500,966.0,8.498388144332855,808.2729988561322,285.36,5.76,0,authentic
500,0.5,10,-5500,761.48,8.334870926975453,799.1225504820172,-204.51999999999998,5.52,0,authentic
501,0.501,28,-2500,705.0,8.41186514305673,835.2978245005879,-56.48000000000002,5.72,0,authentic
502,0.502,7,8500,229.04,8.947926750007495,866.0238187955147,-475.96000000000004,2.92,0,authentic
503,0.503,15,-7500,887.16,7.934124350238924,779.8382592572383,-364.88,5.4,0,authentic
504,0.504,23,3500,292.0,8.084891265869743,820.1731131038608,427.84000000000003,4.92,0,authentic
505,0.505,23,8500,698.92,8.035061469722436,811.9693217283601,406.91999999999996,6.2,0,authentic
506,0.506,15,6000,301.52,8.27505572958197,806.1981721874655,-397.4,6.08,0,authentic
507,0.507,25,7000,529.8,8.258658823206073,788.4630251317742,228.27999999999997,8.28,0,authentic
